{
  "metric_crs": "EPSG:32633",
  "precinct_parquet": "C:\\Users\\hideg\\Documents\\Projects\\hungary_2022_gerrymandering\\data\\processed\\precincts_void_hex.parquet",
  "n_szvk_rows": 10425,
  "shell_sources": [
    {
      "path": "C:\\Users\\hideg\\Documents\\Projects\\hungary_2022_gerrymandering\\data\\raw\\admin",
      "n_shell_features": 20,
      "maz_in_shell": [
        "01",
        "02",
        "03",
        "04",
        "05",
        "06",
        "07",
        "08",
        "09",
        "10",
        "11",
        "12",
        "13",
        "14",
        "15",
        "16",
        "17",
        "18",
        "19",
        "20"
      ],
      "maz_in_precincts_not_in_shell": [],
      "maz_in_shell_not_in_precincts": [],
      "per_maz": [
        {
          "maz": "01",
          "n_shell_rows": 1,
          "n_szvk_rows": 1445,
          "shell_area_m2": 526951218.70056,
          "precinct_union_area_m2": 345331211.1002901,
          "void_area_m2": 181777186.0329476,
          "precinct_union_over_shell": 0.655338101222847,
          "void_over_shell": 0.34496017768248577,
          "shell_precinct_intersection_area_m2": 345174032.6676114,
          "shell_precinct_intersection_over_shell": 0.6550398223175123
        },
        {
          "maz": "02",
          "n_shell_rows": 1,
          "n_szvk_rows": 575,
          "shell_area_m2": 4431290531.942769,
          "precinct_union_area_m2": 3197617489.846236,
          "void_area_m2": 1233964342.2151346,
          "precinct_union_over_shell": 0.7215996032750159,
          "void_over_shell": 0.2784661338091365,
          "shell_precinct_intersection_area_m2": 3197326189.727631,
          "shell_precinct_intersection_over_shell": 0.7215338661908628
        },
        {
          "maz": "03",
          "n_shell_rows": 1,
          "n_szvk_rows": 514,
          "shell_area_m2": 8457530683.131861,
          "precinct_union_area_m2": 3263623375.9005423,
          "void_area_m2": 5194587433.168156,
          "precinct_union_over_shell": 0.3858837169115665,
          "void_over_shell": 0.6141966996972901,
          "shell_precinct_intersection_area_m2": 3262943249.963705,
          "shell_precinct_intersection_over_shell": 0.38580330030271
        },
        {
          "maz": "04",
          "n_shell_rows": 1,
          "n_szvk_rows": 405,
          "shell_area_m2": 5653454355.926136,
          "precinct_union_area_m2": 1057878009.7286955,
          "void_area_m2": 4595652408.215111,
          "precinct_union_over_shell": 0.18712064219989555,
          "void_over_shell": 0.8128928118784221,
          "shell_precinct_intersection_area_m2": 1057801947.7110262,
          "shell_precinct_intersection_over_shell": 0.187107188121578
        },
        {
          "maz": "05",
          "n_shell_rows": 1,
          "n_szvk_rows": 819,
          "shell_area_m2": 7272593542.805029,
          "precinct_union_area_m2": 4445161028.320885,
          "void_area_m2": 2827908264.1233444,
          "precinct_union_over_shell": 0.6112208804407337,
          "void_over_shell": 0.38884453633753113,
          "shell_precinct_intersection_area_m2": 4444685278.681676,
          "shell_precinct_intersection_over_shell": 0.6111554636624676
        },
        {
          "maz": "06",
          "n_shell_rows": 1,
          "n_szvk_rows": 389,
          "shell_area_m2": 4275493139.1571565,
          "precinct_union_area_m2": 968072297.0096864,
          "void_area_m2": 3307654262.012117,
          "precinct_union_over_shell": 0.22642354121530084,
          "void_over_shell": 0.7736310536248847,
          "shell_precinct_intersection_area_m2": 967838877.145047,
          "shell_precinct_intersection_over_shell": 0.22636894637511698
        },
        {
          "maz": "07",
          "n_shell_rows": 1,
          "n_szvk_rows": 435,
          "shell_area_m2": 4362006918.053084,
          "precinct_union_area_m2": 1026392488.9379005,
          "void_area_m2": 3335858511.137388,
          "precinct_union_over_shell": 0.2353028108896295,
          "void_over_shell": 0.7647531454687142,
          "shell_precinct_intersection_area_m2": 1026148406.9156832,
          "shell_precinct_intersection_over_shell": 0.2352468545312828
        },
        {
          "maz": "08",
          "n_shell_rows": 1,
          "n_szvk_rows": 453,
          "shell_area_m2": 4207463902.599253,
          "precinct_union_area_m2": 2180887688.1236835,
          "void_area_m2": 2026909972.5355709,
          "precinct_union_over_shell": 0.5183378250200535,
          "void_over_shell": 0.48174150021427464,
          "shell_precinct_intersection_area_m2": 2180553930.063677,
          "shell_precinct_intersection_over_shell": 0.518258499785724
        },
        {
          "maz": "09",
          "n_shell_rows": 1,
          "n_szvk_rows": 527,
          "shell_area_m2": 6241461133.787765,
          "precinct_union_area_m2": 1688578215.8649,
          "void_area_m2": 4586032282.174673,
          "precinct_union_over_shell": 0.27054213423262163,
          "void_over_shell": 0.7347690202456714,
          "shell_precinct_intersection_area_m2": 1655428851.6130984,
          "shell_precinct_intersection_over_shell": 0.26523097975432974
        },
        {
          "maz": "10",
          "n_shell_rows": 1,
          "n_szvk_rows": 321,
          "shell_area_m2": 3647015252.672719,
          "precinct_union_area_m2": 1480437876.2315583,
          "void_area_m2": 2166760282.32505,
          "precinct_union_over_shell": 0.4059313640508133,
          "void_over_shell": 0.594118788161672,
          "shell_precinct_intersection_area_m2": 1480254970.347672,
          "shell_precinct_intersection_over_shell": 0.40588121183832876
        },
        {
          "maz": "11",
          "n_shell_rows": 1,
          "n_szvk_rows": 372,
          "shell_area_m2": 2266069292.2205515,
          "precinct_union_area_m2": 991353852.4392065,
          "void_area_m2": 2266069292.2205477,
          "precinct_union_over_shell": 0.43747728979097794,
          "void_over_shell": 0.9999999999999983,
          "shell_precinct_intersection_area_m2": 0.0,
          "shell_precinct_intersection_over_shell": 0.0
        },
        {
          "maz": "12",
          "n_shell_rows": 1,
          "n_szvk_rows": 300,
          "shell_area_m2": 2548355533.843032,
          "precinct_union_area_m2": 797665030.8897586,
          "void_area_m2": 2548355533.84303,
          "precinct_union_over_shell": 0.3130116737231107,
          "void_over_shell": 0.9999999999999992,
          "shell_precinct_intersection_area_m2": 0.0,
          "shell_precinct_intersection_over_shell": 0.0
        },
        {
          "maz": "13",
          "n_shell_rows": 1,
          "n_szvk_rows": 253,
          "shell_area_m2": 6400849500.68915,
          "precinct_union_area_m2": 1516687357.5320601,
          "void_area_m2": 6400768564.484198,
          "precinct_union_over_shell": 0.23695094805287414,
          "void_over_shell": 0.9999873553963511,
          "shell_precinct_intersection_area_m2": 80936.20494746757,
          "shell_precinct_intersection_over_shell": 1.2644603648117886e-05
        },
        {
          "maz": "14",
          "n_shell_rows": 1,
          "n_szvk_rows": 1085,
          "shell_area_m2": 6066880836.249847,
          "precinct_union_area_m2": 1794315962.1331184,
          "void_area_m2": 6066880836.249864,
          "precinct_union_over_shell": 0.2957559264081818,
          "void_over_shell": 1.0000000000000027,
          "shell_precinct_intersection_area_m2": 0.0,
          "shell_precinct_intersection_over_shell": 0.0
        },
        {
          "maz": "15",
          "n_shell_rows": 1,
          "n_szvk_rows": 437,
          "shell_area_m2": 5972306754.558552,
          "precinct_union_area_m2": 3627084449.430233,
          "void_area_m2": 5972306754.558565,
          "precinct_union_over_shell": 0.6073171721565953,
          "void_over_shell": 1.0000000000000022,